{"FN": 330, "FP": 1976, "TN": 33813, "TP": 433, "best-f1": 0.273010216068542, "best_valid_loss": -241.56264249720047, "latency": 6.818150826587152, "pot-FN": 330, "pot-FP": 2458, "pot-TN": 33331, "pot-TP": 433, "pot-f1": 0.23699724190020258, "pot-latency": 6.772696487743238, "pot-precision": 0.14977516378493544, "pot-recall": 0.5674967160223235, "pot-threshold": -167.5831664700485, "precision": 0.17974263105129665, "pred_time": 0.08113100066211054, "pred_total_time": 59.96649527549744, "recall": 0.5674967160223235, "threshold": -248.0, "train_time": 223.15368974208832, "valid_time": 0.12537670731651718}